Start date;End date;Biomass [MWh] Calculated resolutions;Hydropower [MWh] Calculated resolutions;Wind offshore [MWh] Calculated resolutions;Wind onshore [MWh] Calculated resolutions;Photovoltaics [MWh] Calculated resolutions;Other renewable [MWh] Calculated resolutions;Nuclear [MWh] Calculated resolutions;Lignite [MWh] Calculated resolutions;Hard coal [MWh] Calculated resolutions;Fossil gas [MWh] Calculated resolutions;Hydro pumped storage [MWh] Calculated resolutions;Other conventional [MWh] Calculated resolutions
Jan 1, 2015;Feb 1, 2015;3,006,253.00;1,160,768.75;261,972.25;9,081,274.75;559,673.50;97,758.25;8,201,767.25;11,800,178.50;6,387,684.50;1,405,692.50;862,461.00;5,424,207.00
Feb 1, 2015;Mar 1, 2015;2,701,292.75;866,154.00;282,760.00;4,865,703.75;1,371,004.25;83,894.50;7,498,821.50;11,249,758.00;7,886,900.00;1,615,355.25;756,012.75;5,815,809.75
Mar 1, 2015;Apr 1, 2015;2,945,423.25;1,026,580.50;432,080.75;6,491,865.50;2,858,577.25;71,699.50;7,308,647.50;12,177,191.25;7,320,070.50;1,359,916.25;900,734.75;5,460,914.50
Apr 1, 2015;May 1, 2015;2,855,391.50;1,242,024.00;378,500.25;4,624,380.50;4,435,389.00;95,564.25;6,858,361.00;10,200,744.50;5,994,326.25;850,204.00;823,908.25;4,534,967.25
May 1, 2015;Jun 1, 2015;2,944,932.75;1,528,050.00;565,152.75;4,697,643.00;4,411,590.00;80,552.50;6,930,788.00;8,935,801.50;4,295,094.75;866,141.50;898,907.25;3,889,602.50
Jun 1, 2015;Jul 1, 2015;2,750,167.00;1,511,476.50;481,568.25;3,613,536.25;4,552,823.25;78,796.00;6,255,287.25;9,783,882.00;5,766,222.50;785,123.75;876,902.75;4,372,239.00
Jul 1, 2015;Aug 1, 2015;2,806,556.75;1,399,178.50;707,907.25;5,155,261.25;4,917,503.00;71,349.50;5,087,530.00;11,028,701.25;6,224,533.50;1,135,721.25;858,051.50;4,329,391.25
Aug 1, 2015;Sep 1, 2015;2,782,948.00;1,211,468.00;570,979.25;3,287,051.25;4,612,571.25;65,168.00;7,067,481.50;11,690,166.00;6,408,935.50;854,289.75;803,134.75;3,290,550.75
Sep 1, 2015;Oct 1, 2015;2,786,036.50;1,081,215.50;768,401.50;4,779,230.25;3,226,526.00;63,932.00;7,292,428.50;12,245,022.75;7,751,897.25;880,400.00;731,724.00;4,181,930.00
Oct 1, 2015;Nov 1, 2015;2,954,435.75;997,070.25;888,200.50;3,094,880.75;1,946,347.25;67,705.00;6,714,339.75;12,858,702.50;9,756,305.25;1,759,365.50;842,649.50;4,321,350.50
Nov 1, 2015;Dec 1, 2015;2,884,210.75;811,490.75;1,293,592.50;9,260,816.25;1,136,483.75;68,340.75;7,465,133.50;11,069,426.25;7,112,675.75;1,901,774.25;791,342.50;3,878,106.25
Dec 1, 2015;Jan 1, 2016;3,430,277.75;883,867.25;1,503,263.00;10,090,449.75;850,929.50;100,869.50;7,682,960.25;10,758,163.25;6,234,036.25;1,811,953.75;791,388.50;3,469,493.75
Jan 1, 2016;Feb 1, 2016;3,417,811.75;973,685.00;1,386,327.50;8,019,670.75;654,314.25;134,546.25;7,813,364.75;11,762,658.25;8,065,580.50;2,456,384.00;769,005.25;3,954,738.50
Feb 1, 2016;Mar 1, 2016;3,264,543.50;1,128,392.25;1,156,111.00;8,740,726.50;1,257,146.75;117,662.00;7,218,784.25;10,601,949.75;6,528,957.25;1,684,999.00;713,561.75;3,588,929.75
Mar 1, 2016;Apr 1, 2016;3,493,303.50;1,360,482.50;853,293.50;5,183,700.75;2,414,153.25;141,822.50;7,687,225.50;11,022,928.25;7,819,393.25;1,506,571.00;667,735.50;4,823,185.25
Apr 1, 2016;May 1, 2016;3,333,708.25;1,622,341.00;887,579.00;5,088,403.25;3,751,535.50;120,492.50;5,127,455.25;10,742,445.75;6,669,303.00;1,130,960.75;657,759.75;3,315,025.50
May 1, 2016;Jun 1, 2016;3,354,054.00;1,876,763.00;936,948.25;5,207,618.50;4,716,765.25;112,124.25;4,869,631.25;10,058,851.25;5,326,789.00;1,188,229.50;682,145.25;3,190,201.50
Jun 1, 2016;Jul 1, 2016;3,141,854.25;1,905,971.00;566,127.75;2,789,261.50;4,741,340.50;94,769.25;5,967,674.75;9,580,801.75;6,660,849.00;1,116,914.25;720,272.25;3,234,624.50
Jul 1, 2016;Aug 1, 2016;3,201,577.25;2,084,538.75;796,116.25;3,931,996.00;4,942,811.50;80,876.50;6,138,031.75;10,626,626.50;5,881,945.50;1,152,714.00;694,922.50;3,282,899.25
Aug 1, 2016;Sep 1, 2016;3,248,125.25;2,029,584.00;879,303.75;3,914,800.75;4,719,893.25;94,940.75;7,014,120.75;10,533,579.25;5,409,507.00;1,767,616.75;709,623.25;3,102,854.00
Sep 1, 2016;Oct 1, 2016;3,132,994.00;1,584,818.75;710,972.25;3,507,530.00;3,848,414.00;97,162.00;6,844,059.50;11,008,452.25;6,590,782.50;2,379,839.75;673,271.50;3,738,077.00
Oct 1, 2016;Nov 1, 2016;3,342,691.25;1,188,015.25;1,304,622.25;4,343,989.75;1,679,735.50;123,847.75;7,831,162.75;11,808,651.75;7,079,270.75;2,736,050.25;708,544.00;5,258,950.50
Nov 1, 2016;Dec 1, 2016;3,285,180.75;1,184,424.25;1,316,922.50;6,669,801.75;1,020,888.00;140,390.25;7,424,050.25;11,553,166.25;7,494,497.75;2,626,356.75;737,186.00;4,975,011.00
Dec 1, 2016;Jan 1, 2017;3,529,615.25;1,136,843.75;1,298,814.00;7,877,245.75;791,938.50;144,829.00;6,306,905.50;11,075,485.75;7,363,088.50;3,142,160.25;853,586.25;4,781,830.25
Jan 1, 2017;Feb 1, 2017;3,538,847.75;857,085.75;1,230,811.25;6,537,027.50;798,422.25;143,007.75;5,724,510.75;11,680,618.25;9,528,848.25;3,726,353.75;943,923.50;1,116,391.50
Feb 1, 2017;Mar 1, 2017;3,309,601.00;893,765.25;1,899,418.75;7,974,597.25;1,484,969.00;169,841.00;4,543,553.50;10,507,497.25;7,034,393.75;2,522,128.00;728,857.75;1,003,859.50
Mar 1, 2017;Apr 1, 2017;3,570,500.50;1,237,295.25;1,487,019.75;7,844,275.25;3,230,598.50;168,431.50;4,850,962.25;11,530,155.25;5,885,619.25;2,191,162.75;850,219.75;1,067,299.00
Apr 1, 2017;May 1, 2017;3,422,009.00;1,155,622.50;1,395,689.25;6,688,391.75;3,856,853.75;158,481.25;4,764,289.00;10,910,745.75;4,581,378.50;1,787,657.50;800,464.00;1,002,279.75
May 1, 2017;Jun 1, 2017;3,433,313.25;1,510,106.00;1,207,361.00;4,434,810.75;5,120,312.25;148,759.25;5,649,988.50;10,874,074.00;5,433,327.25;1,773,670.50;796,230.50;976,241.25
Jun 1, 2017;Jul 1, 2017;3,213,339.25;1,502,296.50;1,248,287.50;5,856,511.25;5,366,860.50;118,589.25;6,348,389.50;10,125,064.75;3,829,719.25;1,655,950.75;832,773.00;861,530.50
Jul 1, 2017;Aug 1, 2017;3,282,490.25;1,512,125.50;934,912.00;4,559,375.00;4,886,339.50;118,032.75;5,345,076.75;10,364,437.75;4,499,046.00;2,176,392.25;659,757.00;922,144.25
Aug 1, 2017;Sep 1, 2017;3,285,939.00;1,545,120.00;1,124,716.50;4,385,616.50;4,602,787.75;131,727.00;7,091,594.75;11,198,091.00;4,013,503.50;1,254,043.00;715,258.25;896,811.75
Sep 1, 2017;Oct 1, 2017;2,993,543.00;1,492,583.50;1,009,553.75;5,302,283.50;3,079,287.25;127,616.50;6,388,132.00;10,481,485.25;5,796,292.75;1,638,236.50;740,160.50;993,301.00
Oct 1, 2017;Nov 1, 2017;3,290,736.00;1,293,249.00;2,210,471.75;10,322,949.50;2,130,316.50;143,833.25;7,361,700.00;10,328,134.75;4,263,341.50;1,884,663.75;825,513.25;993,274.50
Nov 1, 2017;Dec 1, 2017;3,405,400.00;1,303,029.75;1,642,971.50;8,663,095.00;831,017.50;159,841.75;6,905,516.00;11,160,868.00;6,268,283.75;2,701,069.25;798,548.75;1,109,990.00
Dec 1, 2017;Jan 1, 2018;3,582,670.50;1,288,137.00;2,022,978.50;12,621,117.50;495,416.25;166,225.00;7,240,263.50;10,125,424.75;4,871,755.75;2,269,040.00;595,732.75;1,070,069.00
Jan 1, 2018;Feb 1, 2018;3,594,847.50;1,400,990.25;1,880,622.75;12,507,122.25;730,139.50;164,045.50;6,694,349.25;11,104,432.75;5,161,643.75;4,037,194.00;935,380.75;1,022,971.00
Feb 1, 2018;Mar 1, 2018;3,260,232.75;1,182,997.25;1,539,511.75;6,388,193.25;1,830,494.50;161,600.25;6,094,708.50;11,190,685.25;8,061,131.75;5,065,451.50;757,500.75;857,724.00
Mar 1, 2018;Apr 1, 2018;3,454,432.25;1,142,401.25;1,617,563.75;8,998,946.50;2,703,915.50;165,004.75;6,175,820.00;11,291,185.25;7,873,984.25;4,127,735.50;834,574.75;919,663.00
Apr 1, 2018;May 1, 2018;3,218,788.25;1,436,750.00;1,592,135.75;7,305,910.75;4,837,045.25;139,598.00;5,181,364.25;10,198,546.50;4,166,418.00;2,221,443.50;801,749.75;909,752.75
May 1, 2018;Jun 1, 2018;3,364,742.25;1,713,227.75;1,300,822.00;5,915,994.00;5,931,478.75;139,682.50;4,872,705.00;10,157,978.50;3,782,751.50;2,094,063.25;806,281.50;850,369.50
Jun 1, 2018;Jul 1, 2018;3,194,599.25;1,669,201.50;1,124,236.75;4,614,405.75;5,337,322.00;118,128.50;5,698,557.50;11,033,451.50;4,614,135.50;2,512,163.00;624,156.50;672,832.25
Jul 1, 2018;Aug 1, 2018;3,195,829.75;1,418,501.75;759,901.00;3,636,273.75;6,166,898.75;113,942.25;6,157,162.50;11,530,004.00;6,234,897.50;3,350,729.00;498,642.50;806,120.00
Aug 1, 2018;Sep 1, 2018;3,246,347.75;1,248,237.25;1,076,469.25;4,990,752.25;5,183,464.25;107,845.50;6,524,331.50;10,972,619.50;5,460,826.75;3,127,745.25;611,949.50;1,079,378.00
Sep 1, 2018;Oct 1, 2018;3,120,179.25;1,184,252.50;1,783,010.75;6,128,708.25;4,069,317.00;104,338.75;5,600,416.50;10,411,678.50;5,979,539.50;2,892,267.50;713,332.00;1,155,649.50
Oct 1, 2018;Nov 1, 2018;3,391,405.75;1,037,143.50;2,006,668.25;8,714,989.75;2,748,584.00;106,571.50;5,745,279.75;10,665,995.75;7,041,724.75;3,812,474.50;792,993.50;1,219,095.25
Nov 1, 2018;Dec 1, 2018;3,490,431.00;990,254.50;1,973,123.50;8,009,699.00;1,170,955.50;109,047.25;6,325,711.25;10,634,913.25;7,495,167.75;5,033,023.50;689,863.50;1,267,755.00
Dec 1, 2018;Jan 1, 2019;3,557,156.50;1,118,122.25;2,414,350.00;12,058,801.75;524,330.75;101,165.00;6,771,251.00;9,138,482.00;5,673,041.50;4,603,919.00;813,069.50;1,323,816.75
Jan 1, 2019;Feb 1, 2019;3,550,046.75;1,200,910.75;2,213,086.50;12,522,275.25;728,156.75;136,702.50;6,821,064.00;9,862,384.25;7,549,348.25;5,740,661.50;824,704.25;1,222,620.50
Feb 1, 2019;Mar 1, 2019;3,215,899.50;1,032,343.75;1,938,096.25;8,892,392.75;2,184,288.25;137,206.75;6,196,593.00;9,835,908.50;5,566,684.00;4,474,908.25;655,388.50;1,207,127.00
Mar 1, 2019;Apr 1, 2019;3,481,646.50;1,384,887.50;2,540,870.25;13,696,172.50;3,020,968.75;145,525.50;6,713,072.25;8,298,238.75;3,119,376.25;3,647,710.75;788,373.00;1,159,437.75
Apr 1, 2019;May 1, 2019;3,324,551.25;1,359,297.25;1,707,845.50;7,284,558.75;5,015,643.00;132,009.25;5,692,459.75;9,075,669.75;3,411,070.00;3,643,917.25;753,675.00;1,029,269.25
May 1, 2019;Jun 1, 2019;3,393,611.75;1,543,969.00;1,789,633.75;6,411,664.00;5,019,334.00;120,702.25;4,610,711.25;8,654,967.00;3,494,879.50;3,367,003.50;650,016.25;1,089,072.25
Jun 1, 2019;Jul 1, 2019;3,167,918.00;1,659,191.50;1,457,872.75;5,099,701.00;6,461,965.75;95,833.25;4,572,589.25;7,008,983.25;2,584,863.50;3,681,617.50;732,094.75;861,580.75
Jul 1, 2019;Aug 1, 2019;3,070,883.00;1,686,747.00;1,674,580.00;4,851,747.75;5,742,568.25;113,185.25;5,439,284.75;8,156,552.75;3,258,013.00;4,812,771.50;627,044.75;886,599.00
Aug 1, 2019;Sep 1, 2019;3,040,474.50;1,671,588.25;1,420,358.00;4,480,606.25;5,275,760.50;110,827.00;5,477,134.50;7,963,573.50;2,870,519.00;4,761,704.00;680,880.50;1,114,498.50
Sep 1, 2019;Oct 1, 2019;2,913,078.25;1,318,253.75;2,052,798.00;7,125,740.75;3,904,711.25;119,149.50;5,786,838.25;7,732,347.25;2,492,701.25;4,864,777.00;627,388.00;1,048,792.25
Oct 1, 2019;Nov 1, 2019;3,363,461.00;1,266,310.00;2,334,587.50;9,338,036.25;2,412,895.25;138,114.25;6,748,427.00;8,435,242.50;3,768,657.50;5,829,798.75;793,108.25;1,173,249.25
Nov 1, 2019;Dec 1, 2019;3,361,656.75;1,205,944.75;2,224,609.50;7,854,295.00;1,027,432.25;146,075.50;6,460,100.75;10,041,708.25;6,042,079.50;5,268,347.50;669,275.75;1,164,676.25
Dec 1, 2019;Jan 1, 2020;3,595,358.25;1,141,777.25;3,028,489.00;12,171,117.75;913,235.00;162,185.00;6,523,889.50;7,663,102.25;3,657,092.75;4,526,487.75;808,947.75;1,268,319.00
Jan 1, 2020;Feb 1, 2020;3,584,790.50;1,050,255.00;3,280,590.50;12,634,957.00;1,083,114.75;161,969.75;5,811,035.75;7,986,459.50;4,578,941.00;6,527,666.00;910,279.75;1,244,904.75
Feb 1, 2020;Mar 1, 2020;3,323,290.75;1,246,883.25;2,995,582.25;17,187,771.00;1,679,636.50;145,201.50;5,164,492.75;5,044,713.75;2,356,824.25;4,726,412.00;922,133.00;1,000,589.25
Mar 1, 2020;Apr 1, 2020;3,513,606.50;1,281,694.00;2,627,413.50;11,514,760.50;4,119,597.00;154,650.75;5,400,916.25;6,151,765.50;2,719,805.50;4,887,004.25;983,767.50;1,126,405.75
Apr 1, 2020;May 1, 2020;3,330,503.75;1,136,244.25;1,832,053.00;6,971,017.25;6,384,310.75;129,625.50;4,726,388.25;4,313,587.25;1,321,970.50;3,823,315.00;1,020,853.00;1,043,896.50
May 1, 2020;Jun 1, 2020;3,447,324.75;1,422,533.50;1,567,378.25;6,113,286.75;6,226,952.00;131,174.50;4,285,016.50;4,311,633.00;1,583,808.25;4,490,658.25;959,216.75;1,105,483.75
Jun 1, 2020;Jul 1, 2020;3,165,700.25;1,630,928.75;1,441,552.00;4,965,069.50;5,698,328.25;103,986.25;4,659,172.25;5,882,842.50;1,441,424.25;5,578,799.75;794,026.50;776,530.25
Jul 1, 2020;Aug 1, 2020;3,246,063.50;1,660,735.25;1,565,520.25;5,461,704.00;6,246,936.75;109,684.25;4,229,939.75;6,366,929.25;1,579,624.75;6,290,186.50;895,846.75;985,705.25
Aug 1, 2020;Sep 1, 2020;3,182,440.50;1,485,637.25;1,578,507.50;5,136,716.00;5,413,069.50;99,228.50;5,593,770.00;7,814,266.00;2,169,872.25;5,718,010.50;898,421.75;1,018,625.75
Sep 1, 2020;Oct 1, 2020;3,130,750.00;1,408,659.25;1,707,981.50;4,616,155.00;4,621,951.25;122,388.25;5,295,337.75;7,882,319.75;4,071,897.25;5,403,765.50;818,832.00;1,032,059.25
Oct 1, 2020;Nov 1, 2020;3,352,968.75;1,408,254.75;3,092,851.50;10,799,597.50;2,143,222.75;137,061.25;5,135,208.75;9,243,655.00;3,367,480.25;5,323,656.75;880,252.50;1,164,712.25
Nov 1, 2020;Dec 1, 2020;3,267,976.25;1,173,208.50;2,573,274.50;8,637,458.00;1,496,017.50;146,819.00;4,782,573.50;9,569,487.00;4,965,565.50;7,229,822.75;854,598.00;1,092,081.75
Dec 1, 2020;Jan 1, 2021;3,420,885.75;1,040,625.75;2,620,454.50;9,044,689.25;671,166.00;160,327.00;5,840,034.75;8,806,351.50;4,714,770.00;7,622,210.25;879,331.25;1,162,905.25
Jan 1, 2021;Feb 1, 2021;3,390,654.25;992,324.50;2,263,541.25;9,190,255.25;600,445.75;154,603.00;5,925,379.00;10,260,437.50;5,111,958.25;7,292,294.75;797,113.50;1,190,998.50
Feb 1, 2021;Mar 1, 2021;2,972,072.25;1,067,784.75;2,743,174.50;8,451,315.00;1,966,106.50;130,328.00;5,343,534.75;7,686,818.75;3,350,323.25;6,358,551.00;680,576.50;1,019,811.25
Mar 1, 2021;Apr 1, 2021;3,321,780.50;1,096,885.50;2,356,745.00;9,052,932.75;4,084,762.00;145,858.25;5,502,068.00;7,844,513.50;3,502,914.00;6,603,361.75;770,015.25;1,170,678.50
Apr 1, 2021;May 1, 2021;3,215,143.75;1,028,506.25;1,775,864.25;7,709,987.75;5,411,394.25;113,368.50;5,145,542.75;7,086,525.50;3,452,755.50;5,587,178.00;656,823.00;1,077,606.50
May 1, 2021;Jun 1, 2021;3,348,917.75;1,547,943.00;1,287,883.50;8,792,241.50;5,861,740.75;109,287.50;5,277,141.25;5,706,664.75;2,393,617.25;3,589,174.50;571,920.75;1,111,334.50
Jun 1, 2021;Jul 1, 2021;2,948,925.50;1,785,436.00;1,050,447.75;3,349,814.25;7,090,809.50;84,571.50;4,945,204.50;8,055,826.00;3,163,581.75;4,697,738.00;649,711.50;1,042,888.00
Jul 1, 2021;Aug 1, 2021;3,074,738.75;1,719,840.50;1,257,519.00;4,686,137.75;6,208,818.25;88,232.50;5,516,786.75;7,429,940.25;3,601,010.00;3,929,686.75;555,176.50;1,050,985.00
Aug 1, 2021;Sep 1, 2021;3,102,114.00;1,737,281.00;1,906,611.75;6,171,110.50;5,247,086.75;94,262.75;5,792,832.00;7,545,135.25;2,867,174.25;2,667,497.25;612,267.75;1,086,028.75
Sep 1, 2021;Oct 1, 2021;3,030,714.00;1,233,361.00;1,356,177.25;4,453,358.50;4,766,983.00;93,834.00;5,457,143.00;8,727,431.00;6,440,081.50;3,791,551.50;648,898.50;961,596.50
Oct 1, 2021;Nov 1, 2021;3,230,222.50;907,810.75;2,923,248.25;10,151,375.50;3,189,160.00;128,212.50;5,300,847.50;8,951,692.25;4,828,411.50;3,548,072.00;692,777.50;1,073,711.75
Nov 1, 2021;Dec 1, 2021;3,237,410.50;840,243.25;2,533,268.75;7,803,281.75;1,099,522.75;143,117.00;5,601,700.50;9,301,506.50;7,012,461.50;6,047,484.50;807,549.50;1,140,535.75
Dec 1, 2021;Jan 1, 2022;3,362,434.25;931,017.75;2,555,839.25;9,753,297.25;704,116.50;146,191.50;5,597,806.50;9,605,742.00;6,117,467.50;6,008,048.75;821,524.75;1,172,383.75
Jan 1, 2022;Feb 1, 2022;3,333,170.75;999,362.25;3,134,229.00;12,958,027.75;932,867.25;146,350.50;2,906,690.00;8,767,986.25;6,705,602.75;6,652,422.50;819,087.75;1,043,180.00
Feb 1, 2022;Mar 1, 2022;3,032,446.00;742,255.25;2,984,977.75;17,678,625.75;2,218,658.50;124,712.00;2,695,466.00;6,445,883.75;4,815,825.50;4,510,018.75;687,026.75;979,130.25
Mar 1, 2022;Apr 1, 2022;3,392,792.00;836,591.25;1,403,310.00;6,767,806.50;5,589,014.00;139,784.25;2,973,913.00;9,322,134.75;7,223,740.50;6,014,687.00;770,501.50;1,142,504.50
Apr 1, 2022;May 1, 2022;3,183,136.25;946,574.00;1,917,507.50;9,519,700.75;5,768,880.25;115,795.00;2,865,644.50;8,360,134.00;4,127,135.50;3,991,558.50;725,676.75;998,013.50
May 1, 2022;Jun 1, 2022;3,158,014.00;1,323,966.00;1,480,282.00;6,435,156.50;7,602,797.75;89,508.00;2,237,942.75;8,269,461.75;3,248,352.25;2,608,171.00;751,087.50;920,630.75
Jun 1, 2022;Jul 1, 2022;2,971,898.75;1,389,632.00;1,164,180.75;4,400,445.25;7,988,982.75;82,282.25;2,171,814.75;8,996,675.25;3,616,988.75;2,333,553.00;829,239.25;864,161.75
Jul 1, 2022;Aug 1, 2022;3,013,365.50;1,194,125.00;1,773,079.25;5,489,588.25;7,846,615.25;84,553.00;2,924,644.50;8,868,871.75;4,324,216.50;4,437,866.00;949,070.75;902,612.25
Aug 1, 2022;Sep 1, 2022;3,014,533.50;1,154,056.25;1,018,192.75;3,512,435.00;7,228,867.00;83,707.00;2,940,986.50;8,915,118.50;5,637,572.75;2,588,600.75;793,891.75;884,578.75
Sep 1, 2022;Oct 1, 2022;3,021,267.75;1,106,036.50;1,910,452.25;6,171,748.75;4,726,082.25;84,683.00;2,892,888.50;8,737,581.50;6,126,504.25;2,034,110.75;846,252.75;885,732.50
Oct 1, 2022;Nov 1, 2022;3,197,815.75;1,193,369.50;2,466,036.25;8,595,915.25;3,512,126.50;90,431.75;2,669,763.25;8,701,680.50;3,734,602.50;2,548,262.25;956,476.75;903,465.00
Nov 1, 2022;Dec 1, 2022;3,135,587.75;984,249.75;2,818,895.75;10,082,870.25;1,671,932.00;119,490.00;2,836,794.75;9,264,454.00;6,014,713.25;3,138,648.75;1,001,468.75;928,780.75
Dec 1, 2022;Jan 1, 2023;3,284,209.75;934,232.25;2,676,697.75;9,372,948.50;640,601.50;129,396.00;2,707,921.00;8,875,605.00;7,314,615.25;4,920,364.75;1,024,043.25;1,062,757.00
Jan 1, 2023;Feb 1, 2023;3,366,888.25;1,039,921.50;2,730,538.00;14,643,045.25;824,251.50;107,191.00;1,730,648.00;8,019,967.50;5,911,769.00;3,889,810.75;970,106.50;1,328,746.50
Feb 1, 2023;Mar 1, 2023;3,071,768.50;822,648.00;1,639,371.00;10,406,607.50;2,309,490.25;108,608.00;1,903,875.25;8,014,189.50;6,022,309.25;5,335,353.00;673,926.75;1,283,456.50
Mar 1, 2023;Apr 1, 2023;3,352,666.00;984,225.25;2,434,298.50;12,079,635.75;3,735,177.75;122,594.50;2,138,099.75;7,244,520.50;4,151,686.00;4,866,427.00;967,265.50;1,456,685.50
Apr 1, 2023;May 1, 2023;3,174,927.00;1,055,997.50;1,734,890.75;8,346,806.25;5,522,118.25;107,037.50;968,116.25;6,724,242.00;2,901,041.25;3,561,931.25;939,114.75;1,301,409.00
May 1, 2023;Jun 1, 2023;3,172,380.25;1,578,014.25;1,580,524.75;6,741,772.75;8,019,121.75;96,051.75;0.00;5,255,880.75;1,608,487.00;3,484,666.25;927,695.25;1,333,765.50
Jun 1, 2023;Jul 1, 2023;2,930,674.25;1,515,030.75;1,190,448.00;4,851,659.50;8,904,774.50;76,534.25;0.00;5,537,486.50;1,664,665.25;4,115,802.75;755,777.00;1,144,208.50
Jul 1, 2023;Aug 1, 2023;2,972,075.25;1,456,619.00;1,794,391.50;8,358,710.50;7,693,868.50;76,693.75;0.00;4,591,588.50;1,535,638.00;3,737,676.75;691,008.75;1,395,953.75
Aug 1, 2023;Sep 1, 2023;3,026,313.25;1,507,786.75;1,192,894.00;5,752,548.25;6,537,509.25;82,092.00;0.00;5,389,195.75;2,282,123.25;4,016,100.50;829,334.50;1,366,379.75
Sep 1, 2023;Oct 1, 2023;2,896,349.50;1,331,288.00;1,335,142.50;5,315,447.50;6,558,575.00;89,687.50;0.00;6,380,647.75;2,559,617.50;3,587,106.75;826,190.00;1,458,108.25
Oct 1, 2023;Nov 1, 2023;3,076,700.75;1,031,028.75;2,577,212.75;11,832,075.00;3,310,175.75;104,358.00;0.00;6,617,187.00;3,220,046.25;3,879,790.75;904,607.00;1,465,643.00
Nov 1, 2023;Dec 1, 2023;3,088,185.75;1,351,629.00;2,319,520.25;14,411,570.50;1,367,921.75;115,398.75;0.00;7,164,197.00;3,958,817.25;5,090,586.00;852,006.25;1,389,172.50
Dec 1, 2023;Jan 1, 2024;3,166,389.25;1,345,611.50;2,990,697.50;16,267,234.75;761,045.00;118,933.75;0.00;6,904,953.50;3,933,812.75;5,524,589.25;838,946.00;1,434,812.00
Jan 1, 2024;Feb 1, 2024;3,178,686.00;1,527,869.75;3,036,663.75;15,538,623.00;1,433,804.00;121,548.00;-;6,819,909.25;4,036,643.00;7,171,706.50;797,579.50;1,356,743.00
Feb 1, 2024;Mar 1, 2024;3,025,250.75;1,363,737.75;2,780,407.50;14,088,422.75;2,236,905.75;100,751.50;-;6,010,242.50;2,607,946.25;5,287,330.75;770,379.50;1,340,098.50
Mar 1, 2024;Apr 1, 2024;3,270,618.50;1,394,855.75;2,736,839.00;9,347,789.00;4,876,757.25;85,718.50;-;6,461,017.75;2,423,432.25;5,301,249.25;818,488.75;1,402,417.00
Apr 1, 2024;May 1, 2024;3,028,276.25;1,402,538.00;2,186,038.25;9,674,383.75;6,624,391.25;77,726.75;-;4,303,987.50;1,642,419.25;4,319,790.50;903,802.75;1,284,024.75
May 1, 2024;Jun 1, 2024;3,027,532.50;1,683,963.75;1,528,316.00;6,248,813.75;8,603,730.25;82,885.25;-;4,716,631.75;1,088,283.25;3,873,127.25;904,486.25;1,325,669.25
Jun 1, 2024;Jul 1, 2024;2,861,024.25;1,653,953.00;1,552,964.75;5,670,932.75;8,835,624.50;69,856.00;-;5,290,899.00;1,072,616.50;3,493,624.00;951,746.00;1,153,422.25
Jul 1, 2024;Aug 1, 2024;2,878,042.00;1,795,411.75;1,636,014.25;5,528,038.25;9,306,817.75;80,859.00;-;5,471,088.00;1,050,448.00;3,253,777.50;1,070,466.75;1,424,860.50
Aug 1, 2024;Sep 1, 2024;2,817,887.25;1,456,816.25;1,426,232.00;5,184,448.50;8,941,062.25;81,602.75;-;5,365,300.25;1,696,165.50;3,430,310.25;994,638.00;1,371,920.75
Sep 1, 2024;Oct 1, 2024;2,747,048.00;1,357,653.75;1,822,075.00;8,943,181.25;6,161,317.50;76,891.50;-;5,177,279.75;2,185,951.25;3,207,378.75;837,670.50;1,292,639.50
Oct 1, 2024;Nov 1, 2024;3,041,499.25;1,564,444.75;2,261,530.25;8,368,162.75;3,561,570.50;88,776.50;-;7,134,012.25;2,750,257.75;3,852,887.75;834,093.75;1,302,478.50
Nov 1, 2024;Dec 1, 2024;3,102,041.50;1,118,226.50;2,233,532.75;10,259,467.00;1,529,686.25;91,081.25;-;7,657,978.50;3,685,594.00;7,062,067.25;717,187.00;1,244,702.75
Dec 1, 2024;Jan 1, 2025;3,219,102.00;1,232,445.00;2,466,866.25;13,708,154.25;1,036,765.75;101,042.25;-;6,578,007.75;3,096,561.75;6,663,231.50;790,154.00;1,341,659.75
Jan 1, 2025;Feb 1, 2025;3,215,965.00;1,301,460.25;2,539,817.75;13,201,131.50;1,627,464.75;96,204.25;-;6,826,962.00;3,611,040.75;7,924,274.25;853,112.25;1,233,616.75
Feb 1, 2025;Mar 1, 2025;2,982,355.25;1,093,729.00;2,260,150.50;7,227,404.00;3,018,648.00;84,728.25;-;7,092,101.00;4,236,837.75;7,702,449.00;744,985.75;1,157,822.50
Mar 1, 2025;Apr 1, 2025;3,129,648.75;965,179.75;1,889,088.00;6,491,692.25;6,912,383.00;87,666.50;-;7,277,676.75;3,184,093.50;5,649,854.75;903,139.00;1,223,664.75
Apr 1, 2025;May 1, 2025;2,974,209.25;1,003,416.25;1,080,769.75;5,843,161.25;8,951,024.50;81,003.25;-;5,340,820.50;2,398,520.00;3,692,677.25;954,915.25;1,169,981.00
May 1, 2025;Jun 1, 2025;2,926,019.00;1,175,772.25;1,861,451.25;7,858,113.25;10,217,138.50;75,802.00;-;4,105,918.50;985,455.25;3,130,741.75;984,972.00;1,182,706.25
Jun 1, 2025;Jul 1, 2025;2,819,445.00;1,343,208.75;1,848,906.25;8,676,526.75;10,536,110.75;65,539.75;-;3,635,517.75;1,201,003.75;2,394,517.25;916,778.25;1,064,827.75
Jul 1, 2025;Aug 1, 2025;2,882,519.00;1,405,117.25;1,561,247.75;6,167,812.25;9,056,371.50;66,525.75;-;5,754,061.25;1,909,475.25;2,927,114.00;808,930.25;1,077,294.00
Aug 1, 2025;Sep 1, 2025;2,800,595.00;1,554,598.25;1,696,341.75;5,441,414.00;9,940,208.50;76,098.50;-;4,518,747.75;1,301,445.00;3,015,974.75;843,045.25;1,075,939.50
Sep 1, 2025;Oct 1, 2025;2,750,541.75;1,256,100.50;2,407,157.75;9,670,319.25;6,708,053.75;66,408.00;-;4,925,688.75;1,397,569.00;3,790,773.75;733,651.25;1,014,139.00
Oct 1, 2025;Nov 1, 2025;3,012,369.21;1,101,271.62;2,899,280.50;13,715,347.63;3,838,084.50;65,807.22;-;5,648,721.13;2,166,156.53;5,275,413.52;756,737.01;1,394,098.94
Nov 1, 2025;Dec 1, 2025;-;-;-;-;-;-;-;-;-;-;-;-
Dec 1, 2025;Jan 1, 2026;-;-;-;-;-;-;-;-;-;-;-;-
