Start date;End date;Net export [MWh] Calculated resolutions;Netherlands (export) [MWh] Calculated resolutions;Netherlands (import) [MWh] Calculated resolutions;Switzerland (export) [MWh] Calculated resolutions;Switzerland (import) [MWh] Calculated resolutions;Denmark (export) [MWh] Calculated resolutions;Denmark (import) [MWh] Calculated resolutions;Czech Republic (export) [MWh] Calculated resolutions;Czech Republic (import) [MWh] Calculated resolutions;Luxembourg (export) [MWh] Calculated resolutions;Luxembourg (import) [MWh] Calculated resolutions;Sweden (export) [MWh] Calculated resolutions;Sweden (import) [MWh] Calculated resolutions;Austria (export) [MWh] Calculated resolutions;Austria (import) [MWh] Calculated resolutions;France (export) [MWh] Calculated resolutions;France (import) [MWh] Calculated resolutions;Poland (export) [MWh] Calculated resolutions;Poland (import) [MWh] Calculated resolutions;Norway (export) [MWh] Calculated resolutions;Norway (import) [MWh] Calculated resolutions;Belgium (export) [MWh] Calculated resolutions;Belgium (import) [MWh] Calculated resolutions
Jan 1, 2015;Feb 1, 2015;-;1,791,563.00;0.00;-;-;-;-;529,789.00;-691,601.00;-;-;37,231.00;-139,176.00;1,546,204.00;0.00;11,372.00;-929,578.00;-;-;-;-;-;-
Feb 1, 2015;Mar 1, 2015;-;1,828,762.00;0.00;1,993,201.00;-25,287,462.00;141,998.00;-516,663.00;367,482.00;-649,286.00;-;-;6,473.00;-187,708.00;1,582,502.00;0.00;45,614.00;-340,212.00;819,847.00;-194.00;-;-;-;-
Mar 1, 2015;Apr 1, 2015;-;2,299,380.00;0.00;1,659,660.00;-211,898.00;297,225.00;-474,710.00;288,308.00;-651,698.00;-;-;18,517.00;-149,529.00;1,502,565.00;-373.00;171,007.00;-215,701.00;899,932.00;-27.00;-;-;-;-
Apr 1, 2015;May 1, 2015;-;1,893,390.00;0.00;1,090,968.00;-144,969.00;271,397.00;-357,764.00;140,608.00;-631,339.00;-;-;21,493.00;-174,302.00;1,071,426.00;-2,926.00;415,512.00;-187,130.00;563,083.00;-10,113.00;-;-;-;-
May 1, 2015;Jun 1, 2015;-;2,025,672.00;0.00;186,665.00;-740,323.00;302,001.00;-347,214.00;220,730.00;-352,793.00;-;-;30,038.00;-100,570.00;525,410.00;-108,104.00;37,004.00;-1,067,296.00;719,136.00;-5,056.00;-;-;-;-
Jun 1, 2015;Jul 1, 2015;-;2,590,879.00;0.00;276,215.00;-422,130.00;66,331.00;-669,606.00;313,223.00;-242,248.00;-;-;928.00;-117,674.00;657,807.00;-28,513.00;45,369.00;-1,092,834.00;798,642.00;-427.00;-;-;-;-
Jul 1, 2015;Aug 1, 2015;-;1,926,728.00;-6,063.00;564,536.00;-261,101.00;126,601.00;-570,112.00;783,105.00;-354,308.00;-;-;1,358.00;-187,177.00;912,684.00;-27,824.00;43,349.00;-1,362,821.00;912,435.00;-87.00;-;-;-;-
Aug 1, 2015;Sep 1, 2015;-;2,302,859.00;0.00;701,825.00;-239,254.00;184,294.00;-399,244.00;626,356.00;-446,436.00;-;-;6,489.00;-250,965.00;825,663.00;-36,212.00;8,686.00;-1,543,931.00;940,926.00;-181.00;-;-;-;-
Sep 1, 2015;Oct 1, 2015;-;2,142,705.00;0.00;1,305,200.00;-197,715.00;179,617.00;-311,465.00;668,649.00;-442,813.00;-;-;2,894.00;-77,797.00;1,190,319.00;-1,550.00;13,897.00;-856,986.00;1,114,217.00;0.00;-;-;-;-
Oct 1, 2015;Nov 1, 2015;-;2,011,715.00;-900.00;1,815,851.00;-278,435.00;129,750.00;-521,210.00;614,170.00;-505,806.00;-;-;2,037.00;-309,939.00;1,127,164.00;-4,235.00;606.00;-1,337,482.00;1,074,794.00;-190.00;-;-;-;-
Nov 1, 2015;Dec 1, 2015;-;1,462,750.00;-5,013.00;2,455,154.00;-430,230.00;352,253.00;-324,164.00;844,486.00;-708,064.00;-;-;11,851.00;-105,697.00;1,661,431.00;-6.00;0.00;-1,357,561.00;1,074,513.00;-258.00;-;-;-;-
Dec 1, 2015;Jan 1, 2016;-;1,437,193.00;-14,528.00;2,823,950.00;-463,701.00;424,139.00;-258,116.00;929,911.00;-470,681.00;-;-;8,959.00;-104,138.00;1,924,675.00;0.00;4,055.00;-1,192,638.00;998,269.00;-12.00;-;-;-;-
Jan 1, 2016;Feb 1, 2016;-;1,326,254.00;-11,538.00;2,682,667.00;-446,592.00;414,985.00;-220,558.00;852,738.00;-319,120.00;-;-;34,838.00;-98,392.00;1,987,098.00;0.00;1,093.00;-1,302,329.00;1,272,057.00;-24.00;-;-;-;-
Feb 1, 2016;Mar 1, 2016;-;1,393,276.00;-5,257.00;2,326,402.00;-339,759.00;424,371.00;-286,222.00;407,013.00;-654,710.00;-;-;22,301.00;-205,256.00;1,250,157.00;-187.00;69,346.00;-636,351.00;927,146.00;-1,391.00;-;-;-;-
Mar 1, 2016;Apr 1, 2016;-;1,295,647.00;-3,649.00;2,285,999.00;-273,169.00;265,041.00;-359,203.00;422,964.00;-741,897.00;-;-;17,354.00;-250,590.00;1,448,870.00;-279.00;102,229.00;-533,225.00;874,149.00;-3,092.00;-;-;-;-
Apr 1, 2016;May 1, 2016;-;1,388,053.00;-11,513.00;837,028.00;-214,416.00;358,617.00;-211,532.00;486,486.00;-428,670.00;-;-;24,352.00;-141,402.00;927,305.00;-9,351.00;147,032.00;-870,932.00;807,673.00;-1,657.00;-;-;-;-
May 1, 2016;Jun 1, 2016;-;1,648,726.00;-801.00;294,434.00;-467,134.00;538,843.00;-276,208.00;282,542.00;-340,611.00;-;-;57,091.00;-153,298.00;800,054.00;-17,280.00;125,480.00;-791,621.00;856,372.00;-3,384.00;-;-;-;-
Jun 1, 2016;Jul 1, 2016;-;1,307,831.00;-2,918.00;287,712.00;-683,321.00;789,820.00;-58,518.00;169,436.00;-277,488.00;-;-;201,338.00;-9,866.00;333,857.00;-104,013.00;13,016.00;-1,275,989.00;645,620.00;-5,236.00;-;-;-;-
Jul 1, 2016;Aug 1, 2016;-;1,530,688.00;-297.00;563,071.00;-266,421.00;445,282.00;-267,058.00;443,133.00;-468,941.00;-;-;89,991.00;-86,282.00;464,534.00;-121,447.00;88,405.00;-548,067.00;618,067.00;-25,771.00;-;-;-;-
Aug 1, 2016;Sep 1, 2016;-;980,221.00;-93,815.00;1,118,838.00;-214,526.00;663,405.00;-121,419.00;406,405.00;-253,385.00;-;-;137,341.00;-44,199.00;836,588.00;-31,392.00;154,697.00;-630,864.00;587,330.00;-31,322.00;-;-;-;-
Sep 1, 2016;Oct 1, 2016;-;1,243,142.00;-23,520.00;1,638,911.00;-235,983.00;342,452.50;-219,175.00;856,917.00;-146,290.00;-;-;49,365.00;-55,559.00;1,253,044.00;-7,275.00;119,831.00;-375,354.00;662,009.00;-45,183.00;-;-;-;-
Oct 1, 2016;Nov 1, 2016;-;1,138,559.00;-26,938.00;1,942,428.00;-264,876.00;264,238.50;-222,854.00;682,357.00;-290,051.00;-;-;55,196.00;-101,022.00;1,234,235.00;-17,766.00;400,980.00;-125,907.00;643,263.00;-56,381.00;-;-;-;-
Nov 1, 2016;Dec 1, 2016;-;1,349,667.00;-3,160.00;2,337,768.00;-346,145.00;378,400.00;-96,464.50;536,111.00;-576,656.00;-;-;95,170.00;-73,658.00;1,125,957.00;-12,727.00;329,194.00;-265,411.00;506,867.00;-40,604.00;-;-;-;-
Dec 1, 2016;Jan 1, 2017;-;1,183,610.00;-6,920.00;2,418,275.00;-400,568.00;352,119.00;-424,295.00;883,503.00;-576,236.00;-;-;11,624.00;-236,711.00;1,148,583.00;-29,057.00;455,762.00;-194,497.00;693,406.00;-55,455.00;-;-;-;-
Jan 1, 2017;Feb 1, 2017;-;1,069,830.00;-10,078.00;2,550,298.00;-397,644.00;180,091.00;-515,007.00;836,143.00;-649,377.00;-;-;4,695.00;-318,818.00;1,386,417.00;-7,097.00;376,682.00;-479,788.00;727,012.00;-48,943.00;-;-;-;-
Feb 1, 2017;Mar 1, 2017;-;1,035,010.00;-22,750.00;2,726,388.00;-389,749.00;323,857.00;-396,855.00;930,566.00;-632,004.00;-;-;6,837.00;-266,894.00;1,664,184.00;-563.00;17,474.00;-864,530.00;673,438.00;-57,092.00;-;-;-;-
Mar 1, 2017;Apr 1, 2017;-;1,353,461.00;-13,656.00;2,036,939.00;-300,365.00;332,039.00;-563,570.00;624,278.00;-728,229.00;-;-;27,335.00;-192,220.00;1,479,859.00;-1,970.00;78,893.00;-762,479.00;688,536.00;-42,283.00;-;-;-;-
Apr 1, 2017;May 1, 2017;-;1,373,756.00;-421.00;978,343.00;-175,524.00;368,036.00;-559,701.00;599,916.00;-640,288.00;-;-;32,044.00;-161,044.00;1,337,111.00;-5.00;180,039.00;-334,419.00;689,623.00;-51,428.00;-;-;-;-
May 1, 2017;Jun 1, 2017;-;1,641,389.00;-1,350.00;733,076.00;-181,110.00;275,589.00;-492,089.00;691,996.00;-305,172.00;-;-;27,333.00;-226,541.00;1,168,463.00;-6,581.00;118,410.00;-643,622.00;684,801.00;-25,424.00;-;-;-;-
Jun 1, 2017;Jul 1, 2017;-;1,204,174.00;-31,862.00;775,354.00;-195,807.00;316,954.00;-477,140.00;1,151,941.00;-164,479.00;-;-;17,474.00;-175,206.00;1,324,842.00;-6,284.00;173,058.00;-395,599.00;602,961.00;-318.00;-;-;-;-
Jul 1, 2017;Aug 1, 2017;-;553,944.00;-268,535.00;952,204.00;-207,195.00;188,653.00;-581,092.00;940,597.00;-141,882.00;348,603.00;0.00;12,977.00;-242,196.00;1,075,163.00;-3,839.00;75,037.00;-899,041.00;658,385.00;0.00;-;-;-;-
Aug 1, 2017;Sep 1, 2017;-;1,181,014.00;-59,797.00;761,387.00;-348,289.00;447,728.00;-164,439.00;542,797.00;-292,165.00;335,212.00;0.00;61,891.00;-67,187.00;887,653.00;-38,053.00;118,278.00;-671,676.00;619,291.00;-1.00;-;-;-;-
Sep 1, 2017;Oct 1, 2017;-;1,505,999.00;-7,608.00;1,381,546.00;-244,795.00;271,852.00;-247,919.00;405,470.00;-524,529.00;349,359.00;0.00;312.00;-3,958.00;695,765.00;-30,237.00;181,911.00;-331,263.00;507,099.00;-82.00;-;-;-;-
Oct 1, 2017;Nov 1, 2017;-;1,198,430.00;-140.00;2,516,793.00;-345,231.00;562,636.00;-288,914.00;862,402.00;-544,081.00;379,337.00;0.00;29,538.00;-96,085.00;1,512,538.00;-1,564.00;208,271.00;-300,729.00;544,333.00;-260.00;-;-;-;-
Nov 1, 2017;Dec 1, 2017;-;937,297.00;-2,499.00;2,832,790.00;-397,847.00;330,957.00;-467,884.00;626,369.00;-530,198.00;362,822.00;0.00;9,086.00;-182,382.00;1,415,450.00;-11,488.00;429,636.00;-167,858.00;567,677.00;-12.00;-;-;-;-
Dec 1, 2017;Jan 1, 2018;-;1,141,827.00;-2,944.00;3,110,789.00;-4,784.00;525,177.00;-515,570.00;875,113.00;-421,560.00;358,439.00;0.00;23,980.00;-204,998.00;1,504,720.00;-2,496.00;208,362.00;-324,542.00;615,083.00;-308.00;-;-;-;-
Jan 1, 2018;Feb 1, 2018;-;1,367,629.00;-707.00;2,272,519.00;-1,246.00;551,426.00;-540,448.00;853,416.00;-324,180.00;350,599.00;0.00;33,206.00;-177,153.00;1,260,088.00;-6,414.00;52,785.00;-977,329.00;709,872.00;-427.00;-;-;-;-
Feb 1, 2018;Mar 1, 2018;-;1,283,553.00;-891.00;2,724,740.00;-13,066.00;310,470.00;-508,597.00;743,755.00;-323,477.00;368,493.00;0.00;37,070.00;-146,938.00;1,241,229.00;-10,589.00;290,570.00;-184,996.00;458,099.00;0.00;-;-;-;-
Mar 1, 2018;Apr 1, 2018;-;1,684,571.00;0.00;2,374,037.00;-5,395.00;711,423.00;-350,727.00;555,164.00;-631,478.00;361,850.00;0.00;39,499.00;-34,707.00;1,356,778.00;-3,341.00;169,681.00;-609,698.00;565,091.00;-2,301.00;-;-;-;-
Apr 1, 2018;May 1, 2018;-;2,106,129.00;0.00;765,360.00;-275,754.00;799,914.00;-225,418.00;328,748.00;-727,505.00;306,642.00;0.00;0.00;-718.00;566,542.00;-125,957.00;188,201.00;-742,105.00;504,750.00;-13,523.00;-;-;-;-
May 1, 2018;Jun 1, 2018;-;2,095,453.00;0.00;59,866.00;-1,017,679.00;429,114.00;-211,689.00;457,953.00;-319,437.00;326,541.00;0.00;15,539.00;-21,984.00;443,157.00;-181,508.00;41,334.00;-1,461,956.00;658,896.00;-42.00;-;-;-;-
Jun 1, 2018;Jul 1, 2018;-;1,712,989.00;-2,091.00;241,653.00;-770,412.00;477,370.00;-99,502.00;647,875.00;-229,634.00;329,947.00;0.00;111,928.00;-74,963.00;641,237.00;-30,695.00;10,232.00;-1,595,061.00;579,583.00;-21.00;-;-;-;-
Jul 1, 2018;Aug 1, 2018;-;1,846,976.00;-7,081.00;652,964.00;-132,553.00;752,164.00;-127,856.00;503,822.00;-414,205.00;350,960.00;0.00;101,240.00;-22,480.00;873,426.00;-32,490.00;60,105.00;-1,019,477.00;549,575.00;-1,513.00;-;-;-;-
Aug 1, 2018;Sep 1, 2018;-;1,470,379.00;-5,545.00;636,860.00;-352,481.00;450,221.00;-337,267.00;541,197.00;-208,048.00;315,996.00;0.00;56,082.00;-102,276.00;1,001,077.00;-25,098.00;321,731.00;-664,280.00;893,462.00;-632.00;-;-;-;-
Sep 1, 2018;Oct 1, 2018;-;1,775,018.00;-100.00;1,151,004.00;-68,370.00;225,329.00;-354,092.00;523,611.00;-399,392.00;341,457.00;0.00;33,007.00;-183,339.00;1,055,036.00;-21,202.00;93,064.00;-828,882.00;519,333.00;-944.00;-;-;-;-
Oct 1, 2018;Nov 1, 2018;-;1,265,110.00;-48,116.00;2,477,117.00;-4,237.00;289,708.00;-570,379.00;855,533.00;-377,967.00;368,464.00;0.00;9,039.00;-216,609.00;1,417,484.00;-134,461.00;68,877.00;-1,060,294.00;587,028.00;-1,019.00;-;-;-;-
Nov 1, 2018;Dec 1, 2018;-;1,437,882.50;-8,440.00;1,841,212.00;-71,029.00;263,027.00;-629,166.00;798,955.00;-478,170.00;363,700.00;0.00;7,036.00;-210,728.00;1,270,713.00;-150,217.00;333,514.00;-466,949.00;421,065.00;-270.00;-;-;-;-
Dec 1, 2018;Jan 1, 2019;-;1,461,999.00;-15,016.00;2,111,370.00;-45,277.00;585,953.00;-446,581.00;829,986.00;-493,890.00;356,243.00;0.00;10,615.00;-89,226.00;1,648,279.00;-146,441.00;309,972.00;-744,798.00;611,392.00;-779.00;-;-;-;-
Jan 1, 2019;Feb 1, 2019;-;1,105,831.00;-62,715.00;2,413,177.00;-105,383.00;648,181.00;-213,488.00;867,792.00;-339,068.00;390,517.00;0.00;53,693.00;-79,655.00;1,645,242.00;-101,117.00;545,090.00;-180,955.00;752,002.00;-408.00;-;-;-;-
Feb 1, 2019;Mar 1, 2019;-;1,146,351.00;-65,654.00;2,117,139.00;-26,900.00;430,450.00;-262,745.00;599,023.00;-452,489.00;324,776.00;0.00;54,007.00;-101,139.00;1,435,517.00;-93,386.00;235,499.00;-583,425.00;653,475.00;-75.00;-;-;-;-
Mar 1, 2019;Apr 1, 2019;-;1,304,870.00;-63,006.00;1,762,880.00;-315,903.00;716,443.00;-240,028.00;729,887.00;-319,313.00;304,533.00;0.00;55,128.00;-88,199.00;1,388,930.00;-134,517.00;219,940.00;-1,014,154.00;746,498.00;0.00;-;-;-;-
Apr 1, 2019;May 1, 2019;-;1,126,462.00;-93,778.00;1,090,036.00;-481,066.00;672,547.00;-225,035.00;593,393.00;-297,511.00;313,262.00;0.00;63,283.00;-107,484.00;759,331.00;-183,594.00;272,908.00;-870,805.00;750,817.00;-841.00;-;-;-;-
May 1, 2019;Jun 1, 2019;-;779,356.00;-564,423.00;544,095.00;-540,022.00;473,840.00;-305,414.00;288,801.00;-351,684.00;309,773.00;0.00;21,440.00;-112,932.00;567,481.00;-211,992.00;26,555.00;-1,842,080.00;906,376.00;-1,550.00;-;-;-;-
Jun 1, 2019;Jul 1, 2019;-;759,841.00;-359,170.00;405,466.00;-847,787.00;165,528.00;-440,282.00;489,513.00;-194,078.00;344,103.00;0.00;12,952.00;-231,511.00;636,900.00;-229,690.00;26,111.00;-2,117,329.00;801,516.00;-1,251.00;-;-;-;-
Jul 1, 2019;Aug 1, 2019;-;500,305.00;-539,064.00;282,077.00;-1,168,052.00;253,501.00;-408,922.00;1,024,697.00;-53,581.00;354,460.00;0.00;18,731.00;-219,564.00;805,621.00;-240,084.00;50,724.00;-1,671,811.00;1,014,209.00;0.00;-;-;-;-
Aug 1, 2019;Sep 1, 2019;-;309,927.00;-735,854.00;375,472.00;-1,294,857.00;673,276.00;-84,690.00;488,866.00;-148,447.00;327,408.00;0.00;90,574.00;-84,441.00;777,433.00;-229,938.00;12,085.00;-2,186,391.00;921,642.00;-556.00;-;-;-;-
Sep 1, 2019;Oct 1, 2019;-;333,162.00;-724,126.00;897,561.00;-305,973.00;434,368.00;-262,853.00;532,044.00;-195,886.00;336,805.00;0.00;43,170.00;-96,104.00;1,069,299.00;-157,541.00;32,423.00;-1,702,417.00;999,117.00;0.00;-;-;-;-
Oct 1, 2019;Nov 1, 2019;-;597,548.00;-425,584.00;1,437,303.00;-86,711.00;661,946.00;-128,685.00;604,646.00;-167,223.00;348,242.00;0.00;29,062.00;-17,900.00;1,380,479.00;-81,087.00;171,582.00;-1,172,857.00;905,097.00;0.00;-;-;-;-
Nov 1, 2019;Dec 1, 2019;-;1,047,990.00;-146,200.00;1,660,124.00;-120,650.00;593,799.00;-139,078.00;394,984.00;-571,151.00;348,795.00;0.00;68,911.00;-64,682.00;949,923.00;-304,991.00;395,402.00;-737,346.00;797,748.00;-1,674.00;-;-;-;-
Dec 1, 2019;Jan 1, 2020;-;1,106,160.00;-147,489.00;1,689,347.00;-312,994.00;773,884.00;-333,886.00;801,312.00;-373,051.00;330,518.00;0.00;53,588.00;-101,877.00;1,297,849.00;-154,286.00;198,390.00;-1,215,103.00;835,601.00;-13,316.00;-;-;-;-
Jan 1, 2020;Feb 1, 2020;-;781,382.00;-448,180.00;2,046,755.00;-295,034.00;236,544.00;-650,705.00;1,153,415.00;-123,347.00;355,531.00;0.00;1,864.00;-381,438.00;1,559,072.00;-44,129.00;117,061.00;-1,103,348.00;1,129,162.00;-139.00;-;-;-;-
Feb 1, 2020;Mar 1, 2020;-;729,913.00;-443,999.00;1,745,468.00;-201,305.00;587,420.00;-418,614.00;1,004,757.00;-177,370.00;313,843.00;0.00;18,146.00;-219,332.00;1,425,043.00;-65,066.00;98,301.00;-1,357,541.00;967,203.00;-548.00;-;-;-;-
Mar 1, 2020;Apr 1, 2020;-;711,404.00;-525,175.00;1,142,532.00;-365,603.00;276,545.00;-581,164.00;882,728.00;-177,529.00;305,925.00;0.00;10,731.00;-287,506.00;1,135,623.00;-159,506.00;168,240.00;-1,218,401.00;941,505.00;-2,822.00;-;-;-;-
Apr 1, 2020;May 1, 2020;-;554,879.00;-579,637.00;314,603.00;-1,117,207.00;231,359.00;-489,579.00;812,945.00;-141,386.00;259,043.00;0.00;20,453.00;-222,064.00;803,172.00;-295,194.00;78,375.00;-1,723,312.00;895,548.00;-2,715.00;-;-;-;-
May 1, 2020;Jun 1, 2020;-;372,570.00;-1,320,760.00;139,664.00;-1,357,465.00;264,559.00;-452,624.00;737,792.00;-156,990.00;285,931.00;0.00;496.00;-24,114.00;580,629.00;-303,460.00;53,377.00;-1,837,948.00;903,679.00;-118.00;-;-;-;-
Jun 1, 2020;Jul 1, 2020;-;542,493.00;-415,380.00;228,989.00;-1,162,699.00;562,139.00;-166,051.00;410,677.00;-295,969.00;301,159.00;0.00;77,658.00;-198,529.00;493,296.00;-591,701.00;122,333.00;-1,242,845.00;852,737.00;-2,295.00;-;-;-;-
Jul 1, 2020;Aug 1, 2020;-;213,553.00;-1,407,691.00;696,848.00;-442,641.00;101,263.00;-899,829.00;754,301.00;-179,944.00;316,706.00;0.00;580.00;-223,147.00;661,251.00;-383,231.00;242,882.00;-791,972.00;996,644.00;-411.00;-;-;-;-
Aug 1, 2020;Sep 1, 2020;-;389,835.00;-856,855.00;500,070.00;-666,703.00;453,825.00;-308,933.00;437,511.00;-331,496.00;264,017.00;0.00;101,741.00;-59,736.00;756,307.00;-468,117.00;275,755.00;-697,509.00;865,332.00;-408.00;-;-;-;-
Sep 1, 2020;Oct 1, 2020;-;588,826.00;-567,762.00;453,038.00;-581,463.00;126,761.00;-563,669.00;482,621.00;-435,583.00;290,994.00;0.00;25,177.00;-139,279.00;762,991.00;-463,968.00;619,605.00;-353,720.00;743,769.00;-1,079.00;-;-;-;-
Oct 1, 2020;Nov 1, 2020;3,206,887.75;1,085,567.00;-182,185.00;881,473.00;-130,862.00;113,734.00;-526,097.00;844,528.00;-409,313.00;298,776.00;0.00;12,885.00;-293,518.00;932,346.00;-170,563.00;263,843.00;-471,440.00;958,000.00;-57.00;20,436.75;-15,125.25;9,108.75;-14,649.50
Nov 1, 2020;Dec 1, 2020;3,325,980.75;847,962.00;-377,465.00;1,294,571.00;-78,355.00;205,088.00;-409,298.00;828,818.00;-341,704.00;305,371.00;0.00;79,273.00;-179,419.00;1,169,135.00;-65,870.00;85,058.00;-1,095,273.00;962,714.00;0.00;4.00;-118.50;118,306.00;-22,816.75
Dec 1, 2020;Jan 1, 2021;3,249,752.00;843,612.00;-480,187.00;1,611,195.00;-68,104.00;125,465.00;-898,633.00;814,736.00;-416,435.00;290,256.00;-38.00;36,622.00;-270,410.00;1,289,536.00;-166,174.00;293,603.00;-742,585.00;1,017,790.00;-1,449.00;26,665.25;-175,637.50;202,942.50;-83,018.25
Jan 1, 2021;Feb 1, 2021;3,483,838.25;992,579.00;-284,852.00;1,588,315.00;-128,904.00;451,406.00;-790,204.00;449,905.00;-818,868.00;309,710.00;0.00;29,153.00;-201,866.00;1,138,333.00;-317,820.00;677,208.00;-465,320.00;781,134.00;-852.00;46,439.75;-292,894.75;408,949.00;-87,712.75
Feb 1, 2021;Mar 1, 2021;1,956,307.75;652,836.00;-759,835.00;1,062,594.00;-73,040.00;547,900.00;-345,513.00;470,491.00;-467,151.00;275,920.00;0.00;96,287.00;-76,726.00;938,522.00;-181,285.00;136,478.00;-1,059,028.00;873,224.00;-2,955.00;110,061.25;-152,373.75;147,275.25;-237,374.00
Mar 1, 2021;Apr 1, 2021;1,903,941.50;514,048.00;-1,203,237.00;1,267,945.00;-71,978.00;335,850.00;-980,951.00;685,624.00;-332,912.00;276,063.00;0.00;31,644.00;-166,503.00;1,085,516.00;-101,266.00;313,097.00;-557,424.00;1,035,016.00;0.00;109,280.50;-273,409.00;163,963.50;-226,425.50
Apr 1, 2021;May 1, 2021;2,266,650.75;386,423.00;-836,783.00;1,152,289.00;-156,372.00;212,372.00;-917,496.00;738,116.00;-260,256.00;220,909.00;-2.00;9,082.00;-324,379.00;1,230,035.00;-267,738.00;695,404.00;-238,113.00;821,197.00;-2,109.00;83,512.00;-408,678.25;260,519.00;-131,281.00
May 1, 2021;Jun 1, 2021;-203,845.25;333,311.00;-834,980.00;579,223.00;-328,085.00;510,700.00;-616,913.00;489,100.00;-306,501.00;187,957.00;-5.00;38,048.00;-199,632.00;797,288.00;-718,154.00;268,505.00;-751,988.00;654,560.00;-57,949.00;156,578.00;-421,219.75;130,042.75;-113,731.25
Jun 1, 2021;Jul 1, 2021;-849,208.50;484,210.00;-397,846.00;551,043.00;-320,848.00;191,288.00;-497,218.00;352,722.00;-339,892.00;224,521.00;0.00;14,116.00;-68,366.00;732,040.00;-735,721.00;88,196.00;-1,161,173.00;591,310.00;-37,320.00;31,999.50;-481,366.00;115,842.00;-186,746.00
Jul 1, 2021;Aug 1, 2021;-1,160,835.75;487,419.00;-671,078.00;594,858.00;-265,216.00;205,137.00;-575,134.00;540,711.00;-310,243.00;232,938.00;0.00;7,386.00;-146,251.00;693,317.00;-538,872.00;40,104.00;-1,528,746.00;721,809.00;-50,695.00;38,234.00;-491,856.25;93,920.50;-238,578.00
Aug 1, 2021;Sep 1, 2021;217,825.88;891,954.75;-189,714.75;536,480.50;-361,224.88;399,693.50;-405,845.13;485,756.00;-363,592.00;214,665.25;-7.75;19,024.00;-43,050.00;864,453.75;-534,248.00;23,780.00;-1,641,021.00;649,305.00;-46,363.00;108,702.50;-330,057.75;69,012.75;-129,546.00
Sep 1, 2021;Oct 1, 2021;1,873,856.00;1,299,758.00;-222,025.00;1,332,883.50;-106,109.50;224,533.00;-597,843.75;442,082.00;-563,019.00;248,233.00;0.00;4,885.00;-133,447.00;889,986.25;-393,374.00;106,515.00;-976,354.00;543,182.00;-80,066.00;21,490.25;-399,772.75;280,292.00;-47,973.00
Oct 1, 2021;Nov 1, 2021;2,805,438.25;773,422.50;-309,047.75;2,006,051.25;-45,109.25;313,908.25;-718,344.50;543,413.00;-732,080.00;297,455.00;0.00;1,084.00;-303,426.00;1,197,100.25;-453,765.50;153,157.00;-604,596.00;788,853.00;-10,757.00;123,739.75;-319,824.00;226,286.50;-122,082.25
Nov 1, 2021;Dec 1, 2021;2,722,888.75;593,393.25;-468,580.50;2,136,736.50;-60,549.75;304,221.50;-953,412.75;487,418.00;-777,038.00;317,323.25;0.00;4,484.00;-342,978.00;1,158,174.00;-416,812.00;602,547.00;-266,091.00;592,319.00;-3,620.00;48,063.75;-378,137.75;297,811.50;-152,383.25
Dec 1, 2021;Jan 1, 2022;3,804,970.50;742,500.75;-529,334.25;1,760,926.00;-87,757.50;365,498.75;-817,668.25;589,219.00;-748,408.00;303,248.00;0.00;23,699.00;-215,546.00;1,299,546.25;-261,101.25;808,562.00;-244,529.00;681,064.00;-32,730.00;239,324.25;-338,412.00;383,562.50;-116,693.75
Jan 1, 2022;Feb 1, 2022;4,036,390.00;852,591.25;-348,412.75;1,853,816.50;-87,701.50;341,410.00;-634,600.50;742,410.00;-719,302.00;372,837.75;0.00;7,312.00;-291,154.00;1,354,728.75;-301,578.50;559,793.00;-264,903.00;681,759.00;-16,651.00;141,403.50;-468,060.00;360,967.75;-100,276.25
Feb 1, 2022;Mar 1, 2022;5,988,432.50;858,855.50;-282,030.25;2,152,854.75;-12,766.25;479,212.25;-539,582.25;908,275.00;-379,060.00;293,479.75;0.00;14,145.00;-241,514.00;1,541,875.00;-117,629.50;358,350.00;-213,184.00;675,041.00;-1,579.00;242,745.50;-216,272.75;512,730.00;-45,513.25
Mar 1, 2022;Apr 1, 2022;2,950,786.00;639,641.75;-298,976.00;1,921,503.75;-103,841.50;133,341.00;-1,352,074.00;506,260.00;-763,618.00;290,635.75;0.00;4,097.00;-375,673.00;1,485,402.00;-292,672.50;976,276.00;-120,943.00;589,312.00;-31,255.00;137,377.75;-665,423.00;379,206.75;-107,791.75
Apr 1, 2022;May 1, 2022;3,061,132.75;662,214.00;-361,171.75;1,140,780.00;-170,916.75;484,228.75;-641,731.25;759,985.00;-560,832.00;214,159.75;-19.50;13,553.00;-232,036.00;1,126,332.75;-369,646.75;817,898.00;-257,468.00;544,765.00;-93,016.00;289,440.50;-336,556.00;220,620.75;-189,450.75
May 1, 2022;Jun 1, 2022;358,662.75;407,816.50;-703,216.75;975,855.25;-210,158.25;189,563.25;-798,422.75;630,609.00;-368,631.00;205,197.25;-1.25;10,177.00;-263,113.00;890,383.00;-570,872.25;324,557.00;-495,197.00;626,272.00;-40,705.00;110,871.00;-498,195.25;114,521.00;-178,647.00
Jun 1, 2022;Jul 1, 2022;149,103.75;211,348.75;-947,119.50;1,282,660.25;-139,746.75;136,736.75;-883,390.25;334,812.00;-488,947.00;241,840.00;-8.75;2,802.00;-199,769.00;915,295.00;-755,258.00;571,279.00;-232,285.00;722,321.00;-39,410.00;48,319.25;-711,731.25;240,563.75;-161,208.50
Jul 1, 2022;Aug 1, 2022;1,153,757.00;365,817.50;-726,104.75;1,175,089.00;-154,142.50;75,606.50;-1,357,962.75;389,433.00;-660,169.00;275,578.25;0.00;553.00;-327,865.00;1,078,219.00;-482,963.00;1,185,687.00;-43,662.00;771,696.00;-17,664.00;64,529.00;-550,686.00;264,421.75;-171,654.00
Aug 1, 2022;Sep 1, 2022;222,285.75;233,582.50;-952,961.50;790,872.75;-285,490.00;81,377.50;-826,767.25;329,514.00;-515,688.00;227,069.75;-2.50;178.00;-318,060.00;1,030,945.00;-367,560.00;919,810.00;-225,646.00;633,453.00;-19,561.00;67,884.50;-397,714.75;90,434.00;-273,384.25
Sep 1, 2022;Oct 1, 2022;1,884,830.50;247,991.00;-926,755.50;1,386,940.00;-99,234.50;347,526.75;-517,686.25;428,193.00;-633,869.00;308,334.75;0.00;6,131.00;-270,840.00;845,842.00;-397,831.75;759,039.00;-171,118.00;667,890.00;-10,497.00;193,934.25;-198,165.50;161,165.25;-242,159.00
Oct 1, 2022;Nov 1, 2022;1,101,766.75;418,473.75;-1,188,659.25;1,273,702.25;-180,747.00;251,353.75;-697,461.75;836,256.00;-429,406.00;260,618.25;0.00;5,013.00;-275,392.00;1,025,706.50;-401,722.00;464,897.00;-715,739.00;895,881.00;-3,693.00;86,676.00;-460,740.00;169,111.50;-232,362.25
Nov 1, 2022;Dec 1, 2022;2,856,762.25;631,806.50;-930,941.00;1,656,293.25;-36,569.75;66,240.75;-822,187.00;890,049.00;-510,500.00;234,192.25;0.00;4,115.00;-268,981.00;1,316,978.00;-145,239.00;609,110.00;-370,142.00;894,981.00;-3,000.00;16,024.50;-587,194.25;290,577.00;-78,851.00
Dec 1, 2022;Jan 1, 2023;3,746,560.00;646,574.75;-403,048.00;1,446,823.50;-188,183.00;560,587.00;-604,172.75;393,658.00;-1,047,528.00;257,800.25;-83.75;25,038.00;-101,651.00;1,212,629.00;-397,826.75;1,273,699.00;-271,019.00;688,243.00;-28,313.00;245,281.50;-332,371.25;426,726.00;-56,303.50
Jan 1, 2023;Feb 1, 2023;3,726,253.75;1,025,294.25;-533,361.50;1,455,925.50;-110,363.00;438,670.25;-687,858.50;752,316.00;-791,034.00;227,320.00;-62.00;46,756.00;-260,024.00;1,314,590.50;-319,530.25;785,781.00;-591,523.00;783,845.00;-33,811.00;298,826.25;-378,942.75;378,286.00;-74,847.00
Feb 1, 2023;Mar 1, 2023;3,004,776.00;540,649.50;-502,364.00;1,697,187.00;-83,547.25;102,049.00;-916,923.75;736,433.00;-735,831.00;220,026.00;-4.50;1,590.00;-276,885.00;1,283,596.25;-238,948.00;922,759.00;-100,788.00;656,202.00;-51,481.00;54,301.00;-558,699.50;339,557.00;-84,101.75
Mar 1, 2023;Apr 1, 2023;2,289,803.00;779,471.50;-523,384.00;885,885.25;-185,488.75;275,605.00;-600,166.25;666,856.00;-680,165.00;212,516.00;0.00;28,981.00;-256,137.00;1,101,091.75;-422,201.25;880,056.00;-317,123.00;546,536.00;-126,633.00;217,967.25;-379,022.00;294,509.75;-109,352.25
Apr 1, 2023;May 1, 2023;-122,937.00;613,253.50;-581,361.50;916,519.50;-126,477.00;131,143.25;-920,208.00;448,487.00;-721,365.00;180,238.75;-94.00;15,289.00;-338,785.00;841,111.50;-822,215.00;448,399.00;-456,962.00;555,019.00;-70,131.00;149,538.25;-519,399.75;269,771.50;-134,709.00
May 1, 2023;Jun 1, 2023;-3,049,027.50;554,637.50;-1,040,380.25;448,395.75;-414,886.75;115,824.00;-675,749.75;392,450.00;-303,715.00;161,213.00;-78.25;22,047.00;-243,835.00;523,836.50;-983,232.75;57,783.00;-1,477,910.00;497,851.00;-104,893.00;88,129.25;-528,664.00;93,900.75;-231,750.50
Jun 1, 2023;Jul 1, 2023;-3,697,121.25;343,693.25;-1,084,685.50;255,044.75;-938,001.75;134,843.25;-798,925.50;351,442.00;-397,465.00;183,465.25;-2.75;18,873.00;-128,030.00;476,399.00;-751,281.00;116,297.00;-1,313,445.00;599,201.00;-44,971.00;63,628.75;-537,537.50;107,519.25;-353,182.75
Jul 1, 2023;Aug 1, 2023;-3,123,483.00;358,904.50;-1,267,408.00;439,393.00;-628,917.50;176,033.25;-1,216,752.75;511,071.00;-472,151.00;188,004.00;-7.00;33,201.00;-350,315.00;780,447.75;-472,490.50;164,592.00;-1,373,542.00;800,714.00;-17,723.00;89,533.50;-610,126.75;72,423.50;-328,367.00
Aug 1, 2023;Sep 1, 2023;-5,462,269.00;251,525.00;-1,486,654.50;266,657.75;-747,937.75;160,857.75;-1,211,215.25;272,329.00;-706,337.00;198,853.75;-447.25;9,212.00;-351,884.00;646,028.25;-861,061.00;80,649.00;-1,579,218.00;628,609.00;-79,541.00;29,200.50;-751,097.25;48,849.75;-279,647.75
Sep 1, 2023;Oct 1, 2023;-4,247,549.75;327,992.00;-847,796.75;310,662.50;-676,684.00;66,293.50;-943,388.00;305,251.00;-639,799.00;230,790.00;-10.25;5,556.00;-259,600.00;599,367.25;-774,073.25;32,787.00;-1,660,530.00;642,082.00;-63,333.00;8,813.50;-683,632.50;87,821.75;-316,119.50
Oct 1, 2023;Nov 1, 2023;-1,121,285.00;712,247.75;-667,773.25;535,528.75;-466,413.00;160,349.00;-595,087.00;618,602.00;-600,654.00;249,282.75;-3.25;13,761.00;-400,858.00;880,199.75;-448,477.75;78,771.00;-1,326,199.00;792,860.00;-46,246.00;52,532.75;-696,877.25;231,315.00;-198,146.25
Nov 1, 2023;Dec 1, 2023;404,224.75;1,077,902.00;-253,447.25;590,417.50;-356,955.25;393,940.75;-325,645.00;518,656.00;-784,133.00;233,707.25;-2.50;16,818.00;-250,765.00;736,831.25;-578,371.00;51,742.00;-1,297,273.00;775,797.00;-40,667.00;172,658.00;-339,074.50;259,182.25;-197,093.75
Dec 1, 2023;Jan 1, 2024;2,761,087.75;879,708.75;-490,321.25;1,006,059.50;-292,915.75;959,977.00;-194,186.00;853,318.00;-672,380.00;261,637.50;-182.25;140,303.00;-103,886.00;1,065,541.75;-419,492.75;75,536.00;-1,490,270.00;898,239.00;-22,968.00;412,770.50;-185,761.25;291,415.50;-211,055.50
Jan 1, 2024;Feb 1, 2024;1,596,073.40;812,722.00;-625,519.75;938,117.50;-264,914.50;729,759.00;-503,936.75;921,101.00;-557,021.00;297,827.50;-371.00;84,850.00;-150,052.00;975,600.25;-437,156.75;80,080.00;-1,503,605.00;926,554.00;-9,149.00;224,343.75;-394,118.75;285,575.15;-234,612.26
Feb 1, 2024;Mar 1, 2024;221,523.24;729,896.75;-561,112.00;748,755.25;-317,872.00;373,868.75;-649,259.25;794,150.00;-505,956.00;243,100.50;0.00;11,350.00;-194,231.00;929,456.50;-332,867.25;51,128.00;-1,611,381.00;817,565.00;-24,453.00;147,661.00;-399,846.00;228,569.62;-257,000.62
Mar 1, 2024;Apr 1, 2024;-1,697,485.44;792,270.25;-532,460.50;316,358.00;-464,414.00;299,224.75;-914,011.50;528,218.00;-624,337.00;267,920.50;0.00;27,333.00;-224,980.00;740,624.00;-567,146.25;27,662.00;-1,343,641.00;695,081.00;-100,840.00;134,533.75;-567,191.00;149,128.21;-336,817.65
Apr 1, 2024;May 1, 2024;-2,332,921.91;578,141.50;-833,025.25;126,402.25;-762,772.00;341,408.50;-675,100.75;607,490.00;-357,726.00;228,660.25;-144.00;60,974.00;-171,017.00;524,317.50;-712,815.75;88,371.00;-1,127,847.00;503,411.00;-93,233.00;136,079.25;-566,705.25;45,095.41;-272,886.56
May 1, 2024;Jun 1, 2024;-3,419,325.94;486,094.75;-552,697.50;301,263.75;-960,638.00;278,259.50;-929,375.00;610,873.00;-213,011.00;182,534.00;-160.25;40,835.00;-326,011.00;471,255.75;-782,191.00;59,936.00;-1,672,613.00;646,282.00;-77,660.00;86,877.75;-680,626.50;56,393.00;-444,947.19
Jun 1, 2024;Jul 1, 2024;-3,566,314.55;360,670.75;-632,089.00;192,072.25;-1,371,949.00;297,843.00;-983,672.50;682,336.00;-110,395.00;174,883.00;-150.00;41,366.00;-216,454.00;451,266.25;-735,059.75;33,281.00;-1,602,147.00;851,247.50;-34,513.75;101,172.75;-630,848.75;36,580.85;-471,740.85
Jul 1, 2024;Aug 1, 2024;-4,308,721.98;575,582.00;-749,987.75;87,331.50;-1,844,198.25;283,751.75;-1,218,345.75;587,327.38;-121,134.88;236,225.00;-1.50;38,098.00;-294,089.00;574,189.75;-626,343.50;30,565.00;-1,803,107.00;872,973.75;-18,604.25;121,093.25;-651,015.25;94,835.62;-483,738.37
Aug 1, 2024;Sep 1, 2024;-4,287,433.65;296,543.25;-1,093,296.50;217,015.50;-1,285,456.00;195,838.25;-1,206,818.00;648,410.50;-93,578.25;192,823.50;-226.25;18,831.00;-293,595.00;855,813.75;-546,795.50;40,232.00;-2,027,347.00;874,834.75;-49,875.50;78,094.00;-692,041.00;76,628.05;-493,469.21
Sep 1, 2024;Oct 1, 2024;-2,608,477.19;628,339.50;-365,443.75;281,600.00;-778,595.75;269,251.50;-844,646.25;536,286.00;-442,361.75;205,134.00;-254.00;9,218.00;-108,828.00;746,746.25;-503,962.50;44,565.00;-2,097,459.00;714,083.75;-114,384.00;76,221.75;-500,878.00;86,422.15;-449,532.09
Oct 1, 2024;Nov 1, 2024;-3,389,693.96;1,153,584.00;-181,946.25;166,707.00;-985,271.75;156,038.75;-999,871.25;584,978.50;-526,453.25;261,767.25;-65.75;9,192.00;-288,404.00;442,581.00;-831,190.50;35,947.00;-2,188,050.00;799,131.75;-60,793.00;47,492.50;-627,695.00;79,489.01;-436,879.98
Nov 1, 2024;Dec 1, 2024;-1,174,221.25;613,896.00;-723,102.75;701,038.50;-487,150.00;196,723.75;-964,909.25;839,097.50;-393,185.25;272,215.25;-231.25;20,649.00;-332,629.00;1,071,234.75;-378,799.75;23,264.00;-1,782,236.00;880,541.75;-70,921.00;40,779.75;-628,372.75;226,332.87;-298,457.37
Dec 1, 2024;Jan 1, 2025;181,799.61;637,237.00;-766,101.50;1,264,567.75;-277,834.50;120,810.25;-1,056,403.25;886,664.50;-407,784.50;257,288.75;-80.75;8,010.00;-392,978.00;1,343,649.25;-263,512.50;71,260.00;-1,601,100.00;932,690.50;-52,274.25;24,471.00;-658,698.00;321,726.58;-209,808.72
Jan 1, 2025;Feb 1, 2025;-100,585.03;701,365.50;-866,382.25;1,110,454.25;-225,919.75;172,822.25;-888,193.25;888,380.25;-556,946.75;289,364.25;0.00;17,390.00;-339,298.00;1,307,712.50;-254,410.75;54,166.00;-1,679,132.00;840,319.00;-49,226.00;52,405.00;-701,819.00;299,195.01;-272,831.29
Feb 1, 2025;Mar 1, 2025;-1,116,162.77;368,911.25;-1,235,836.00;896,681.00;-199,311.25;57,548.75;-1,108,347.25;749,850.00;-468,523.25;279,265.75;0.00;1,871.00;-258,213.00;1,235,536.00;-255,876.25;128,159.00;-1,232,522.00;836,623.00;-62,323.50;2,601.75;-808,966.50;231,718.65;-275,009.93
Mar 1, 2025;Apr 1, 2025;-1,675,037.55;466,681.50;-888,152.25;741,820.50;-138,292.75;168,755.25;-1,387,739.75;532,083.25;-678,257.25;200,123.75;-695.25;38,143.00;-264,336.00;1,031,404.00;-257,692.00;105,043.00;-1,128,061.00;697,465.50;-95,011.00;32,933.00;-589,100.25;130,720.96;-392,917.08
Apr 1, 2025;May 1, 2025;-2,326,416.73;553,123.00;-615,142.50;263,376.75;-601,685.25;383,521.50;-1,001,036.75;416,047.50;-547,442.25;172,928.75;-494.50;48,926.00;-307,224.00;765,073.25;-501,554.75;114,220.50;-1,250,734.25;571,652.00;-150,984.00;91,916.25;-573,353.75;142,028.84;-300,309.95
May 1, 2025;Jun 1, 2025;-1,587,794.89;352,707.00;-763,942.75;214,402.75;-812,568.75;447,930.00;-730,543.75;824,521.75;-224,952.25;156,090.50;-1,140.00;76,310.00;-207,134.00;891,696.00;-495,470.75;82,054.50;-1,723,006.25;885,836.25;-38,420.75;165,074.50;-533,298.25;67,116.82;-221,057.46
Jun 1, 2025;Jul 1, 2025;-829,022.93;352,807.75;-728,883.25;281,757.00;-749,253.25;543,481.00;-744,228.25;928,809.25;-72,193.25;170,575.25;-1,253.50;62,640.00;-250,268.00;861,906.25;-537,143.50;155,039.25;-1,489,467.50;723,295.00;-92,445.50;163,559.00;-432,992.00;229,924.86;-204,689.54
Jul 1, 2025;Aug 1, 2025;-2,894,348.84;269,415.50;-1,004,582.75;514,720.00;-330,912.50;155,395.50;-921,309.25;682,769.25;-92,888.25;188,452.00;-578.00;17,589.00;-379,162.00;764,547.75;-458,791.75;38,112.50;-2,056,019.00;635,077.00;-110,250.25;53,482.75;-608,771.75;101,279.69;-351,924.27
Aug 1, 2025;Sep 1, 2025;-3,233,276.36;287,206.75;-1,212,582.00;327,252.75;-437,282.25;473,319.75;-736,042.50;425,094.00;-246,239.00;178,629.00;-1,297.00;66,856.00;-208,845.00;652,579.25;-625,229.25;59,504.50;-1,920,911.25;621,669.75;-172,078.00;114,128.50;-527,364.25;81,238.98;-432,885.09
Sep 1, 2025;Oct 1, 2025;-1,599,502.76;570,475.62;-1,040,305.74;622,941.75;-431,419.25;373,070.91;-758,062.08;833,788.97;-246,143.12;221,789.25;-361.25;55,088.00;-247,963.71;871,880.27;-364,502.11;20,682.75;-1,764,955.50;836,837.25;-35,329.50;32,173.70;-631,223.99;34,274.44;-552,239.42
Oct 1, 2025;Nov 1, 2025;31,149.37;728,653.41;-679,591.11;901,295.17;-283,015.02;507,849.30;-780,371.24;838,137.69;-391,442.80;269,321.87;-193.25;18,269.00;-136,911.56;1,101,779.05;-352,723.44;4,378.69;-1,792,688.13;1,054,075.14;-16,634.01;51,975.32;-728,980.12;151,066.42;-433,101.00
Nov 1, 2025;Dec 1, 2025;-;-;-;-;-;-;-;-;-;-;-;-;-;-;-;-;-;-;-;-;-;-;-
Dec 1, 2025;Jan 1, 2026;-;-;-;-;-;-;-;-;-;-;-;-;-;-;-;-;-;-;-;-;-;-;-
